{"cameraMode":{"drawMode":0,"name":"Shaded","section":"Shading Mode"},"sceneLighting":false,"audioPlay":false,"sceneViewState":{"showFog":false,"showMaterialUpdate":false,"showSkybox":false,"showFlares":false,"showImageEffects":false,"showParticleSystems":false},"in2DMode":false,"pivot":{"x":1.1084712743759156,"y":-0.6694578528404236,"z":5.960033416748047},"rotation":{"x":-0.12453529983758927,"y":-0.6970683932304382,"z":0.12491026520729065,"w":-0.6949706077575684},"size":8.104494094848633,"orthographic":false}