{"cameraMode":{"drawMode":0,"name":"Shaded","section":"Shading Mode"},"sceneLighting":false,"audioPlay":false,"sceneViewState":{"showFog":false,"showMaterialUpdate":false,"showSkybox":false,"showFlares":false,"showImageEffects":false,"showParticleSystems":false},"in2DMode":false,"pivot":{"x":7.456765651702881,"y":-3.2164907455444338,"z":0.5692263841629028},"rotation":{"x":0.017404304817318918,"y":-0.31089597940444949,"z":0.005694471299648285,"w":0.9502675533294678},"size":0.5283898115158081,"orthographic":false}