{"cameraMode":{"drawMode":0,"name":"Shaded","section":"Shading Mode"},"sceneLighting":true,"audioPlay":false,"sceneViewState":{"showFog":false,"showMaterialUpdate":false,"showSkybox":false,"showFlares":false,"showImageEffects":false,"showParticleSystems":false},"in2DMode":false,"pivot":{"x":-49.27682113647461,"y":7.677675724029541,"z":-31.070226669311525},"rotation":{"x":0.09591044485569,"y":-0.0724625214934349,"z":0.007002821192145348,"w":0.9927242398262024},"size":27.00307273864746,"orthographic":false}