{"cameraMode":{"drawMode":0,"name":"Shaded","section":"Shading Mode"},"sceneLighting":false,"audioPlay":false,"sceneViewState":{"showFog":false,"showMaterialUpdate":false,"showSkybox":false,"showFlares":false,"showImageEffects":false,"showParticleSystems":false},"in2DMode":false,"pivot":{"x":0.2882001996040344,"y":0.7547978162765503,"z":0.5338218212127686},"rotation":{"x":0.03651376813650131,"y":0.2590058445930481,"z":-0.00979866273701191,"w":0.9651356339454651},"size":0.9374939203262329,"orthographic":false}