{"cameraMode":{"drawMode":0,"name":"Shaded","section":"Shading Mode"},"sceneLighting":false,"audioPlay":false,"sceneViewState":{"showFog":false,"showMaterialUpdate":false,"showSkybox":false,"showFlares":false,"showImageEffects":false,"showParticleSystems":false},"in2DMode":false,"pivot":{"x":961.4580078125,"y":569.5556640625,"z":-43.89366912841797},"rotation":{"x":-0.04230364412069321,"y":0.002099675126373768,"z":-0.00008826578414300457,"w":-0.9991025924682617},"size":1260.488037109375,"orthographic":false}