{"cameraMode":{"drawMode":0,"name":"Shaded","section":"Shading Mode"},"sceneLighting":false,"audioPlay":false,"sceneViewState":{"showFog":false,"showMaterialUpdate":false,"showSkybox":false,"showFlares":false,"showImageEffects":false,"showParticleSystems":false},"in2DMode":false,"pivot":{"x":-10.613463401794434,"y":-4.309062957763672,"z":7.682588577270508},"rotation":{"x":-0.12332803010940552,"y":0.7090621590614319,"z":-0.1281573623418808,"w":-0.682346522808075},"size":2.8578836917877199,"orthographic":false}